{"cameraMode":{"drawMode":0,"name":"Shaded","section":"Shading Mode"},"sceneLighting":true,"audioPlay":false,"sceneViewState":{"showFog":true,"showMaterialUpdate":false,"showSkybox":true,"showFlares":true,"showImageEffects":true,"showParticleSystems":true},"in2DMode":false,"pivot":{"x":1.5789942741394044,"y":-3.256410837173462,"z":-3.3443214893341066},"rotation":{"x":-0.011117599904537201,"y":0.9186160564422607,"z":-0.3941469192504883,"w":-0.025911130011081697},"size":17.64346694946289,"orthographic":false}