{"cameraMode":{"drawMode":0,"name":"Shaded","section":"Shading Mode"},"sceneLighting":false,"audioPlay":false,"sceneViewState":{"showFog":true,"showMaterialUpdate":false,"showSkybox":false,"showFlares":true,"showImageEffects":true,"showParticleSystems":true},"in2DMode":false,"pivot":{"x":0.9329826831817627,"y":-0.6045709848403931,"z":0.9200762510299683},"rotation":{"x":0.3411090075969696,"y":0.032417718321084979,"z":-0.01177196018397808,"w":0.939397931098938},"size":4.912120342254639,"orthographic":false}