{"cameraMode":{"drawMode":0,"name":"Shaded","section":"Shading Mode"},"sceneLighting":false,"audioPlay":false,"sceneViewState":{"showFog":true,"showMaterialUpdate":false,"showSkybox":false,"showFlares":true,"showImageEffects":true,"showParticleSystems":true},"in2DMode":false,"pivot":{"x":-4.462306976318359,"y":6.006391525268555,"z":-0.9723029136657715},"rotation":{"x":0.18924343585968018,"y":-0.7708449363708496,"z":0.26688745617866518,"w":0.5465880036354065},"size":40.010372161865237,"orthographic":false}