{"cameraMode":{"drawMode":0,"name":"Shaded","section":"Shading Mode"},"sceneLighting":false,"audioPlay":false,"sceneViewState":{"showFog":true,"showMaterialUpdate":false,"showSkybox":false,"showFlares":true,"showImageEffects":true,"showParticleSystems":true},"in2DMode":false,"pivot":{"x":-3.351865768432617,"y":0.5018131732940674,"z":0.9322414398193359},"rotation":{"x":-0.2109161913394928,"y":0.4865865707397461,"z":-0.12233509868383408,"w":-0.838916540145874},"size":3.102567434310913,"orthographic":false}